1,134 Denslow Ave,Los Angeles,CA,90049
2,414 Lomond Ave,Los Angeles,CA,90024
3,266 N Bentley Ave,Los Angeles,CA,90049
4,10711 W Sunset Blvd,Los Angeles,CA,90077
5,166 Denslow Ave,Los Angeles,CA,90049
6,1001 Stradella Rd,Los Angeles,CA,90077
7,355 St Cloud Rd,Los Angeles,CA,90077
8,542 Warner Ave,Los Angeles,CA,90024
9,10651 Capello Way,Los Angeles,CA,90077
10,447 Dalehurst Ave,Los Angeles,CA,90024
11,285 S Glenroy Ave,Los Angeles,CA,90049
12,1010 Roscomare Rd,Los Angeles,CA,90077
13,521 Loring Ave,Los Angeles,CA,90024
14,401 Loring Ave,Los Angeles,CA,90024
15,440 St Cloud Rd,Los Angeles,CA,90077
16,107 S Beverly Glen Blvd,Los Angeles,CA,90024
17,601 N Faring Rd,Los Angeles,CA,90077
18,432 Comstock Ave,Los Angeles,CA,90024
19,259 Tilden Ave,Los Angeles,CA,90049
20,111 S Mapleton Dr,Los Angeles,CA,90024
21,322 Loring Ave,Los Angeles,CA,90024
22,323 N Mapleton Dr,Los Angeles,CA,90077
23,225 Delfern Dr,Los Angeles,CA,90077
24,1033 Somera Rd,Los Angeles,CA,90077
25,243 Veteran Ave,Los Angeles,CA,90024
26,165 Veteran Ave,Los Angeles,CA,90024
27,483 Dalehurst Ave,Los Angeles,CA,90024
28,157 S Glenroy Ave,Los Angeles,CA,90049
29,210 Glenroy Pl,Los Angeles,CA,90049
30,328 Loring Ave,Los Angeles,CA,90024
31,577 Perugia Way,Los Angeles,CA,90077
32,10517 Wyton Dr,Los Angeles,CA,90024
33,243 Delfern Dr,Los Angeles,CA,90077
34,965 Somera Rd,Los Angeles,CA,90077
35,256 Tilden Ave,Los Angeles,CA,90049
36,500 Perugia Way,Los Angeles,CA,90077
37,340 N Faring Rd,Los Angeles,CA,90077
38,11033 Cashmere St,Los Angeles,CA,90049
39,10421 Wyton Dr,Los Angeles,CA,90024
40,459 Comstock Ave,Los Angeles,CA,90024
41,204 Glenroy Pl,Los Angeles,CA,90049
42,152 S Glenroy Ave,Los Angeles,CA,90049
43,240 Bentley Cir,Los Angeles,CA,90049
44,1053 Roscomare Rd,Los Angeles,CA,90077
45,264 Tavistock Ave,Los Angeles,CA,90049
46,111 N Mapleton Dr,Los Angeles,CA,90077
47,377 S Mapleton Dr,Los Angeles,CA,90024
48,147 Barlock Ave,Los Angeles,CA,90049
49,11051 Cashmere St,Los Angeles,CA,90049
50,480 Bel Air Rd,Los Angeles,CA,90077
51,210 Tavistock Ave,Los Angeles,CA,90049
52,228 Tavistock Ave,Los Angeles,CA,90049
53,10660 Bellagio Rd,Los Angeles,CA,90077
54,1033 Roscomare Rd,Los Angeles,CA,90077
55,11134 Bellagio Rd,Los Angeles,CA,90049
56,219 Glenroy Pl,Los Angeles,CA,90049
57,525 Perugia Way,Los Angeles,CA,90077
58,10660 Chalon Rd,Los Angeles,CA,90077
59,195 Greenfield Ave,Los Angeles,CA,90049
60,541 Perugia Way,Los Angeles,CA,90077
61,138 S Bentley Ave,Los Angeles,CA,90049
62,244 Woodruff Ave,Los Angeles,CA,90024
63,451 Comstock Ave,Los Angeles,CA,90024
64,267 Conway Ave,Los Angeles,CA,90024
65,959 Somera Rd,Los Angeles,CA,90077
66,931 Chantilly Rd,Los Angeles,CA,90077
67,250 Denslow Ave,Los Angeles,CA,90049
68,809 N Beverly Glen Blvd,Los Angeles,CA,90077
69,110 Westwood Plz,Los Angeles,CA,90095
70,10965 Chalon Rd,Los Angeles,CA,90077
71,10417 Bainbridge Ave,Los Angeles,CA,90024
72,645 S Beverly Glen Blvd,Los Angeles,CA,90024
73,448 Dalehurst Ave,Los Angeles,CA,90024
74,205 Barlock Ave,Los Angeles,CA,90049
75,232 S Mapleton Dr,Los Angeles,CA,90024
76,10895 Chalon Rd,Los Angeles,CA,90077
77,133 Udine Way,Los Angeles,CA,90077
78,130 Ashdale Ave,Los Angeles,CA,90049
79,351 Veteran Ave,Los Angeles,CA,90024
80,595 N Beverly Glen Blvd,Los Angeles,CA,90077
81,190 Denslow Ave,Los Angeles,CA,90049
82,551 Dalehurst Ave,Los Angeles,CA,90024
83,592 N Beverly Glen Blvd,Los Angeles,CA,90077
84,252 St Pierre Rd,Los Angeles,CA,90077
85,930 Chantilly Rd,Los Angeles,CA,90077
86,612 Nimes Rd,Los Angeles,CA,90077
87,307 S Bentley Ave,Los Angeles,CA,90049
88,611 Woodruff Ave,Los Angeles,CA,90024
89,219 Tavistock Ave,Los Angeles,CA,90049
90,101 Greenfield Ave,Los Angeles,CA,90049
91,755 Sarbonne Rd,Los Angeles,CA,90077
92,146 Groverton Pl,Los Angeles,CA,90077
93,760 Lausanne Rd,Los Angeles,CA,90077
94,10671 Chalon Rd,Los Angeles,CA,90077
95,10606 Chalon Rd,Los Angeles,CA,90077
96,696 Stone Canyon Rd,Los Angeles,CA,90077
97,258 Tavistock Ave,Los Angeles,CA,90049
98,130 S Bentley Ave,Los Angeles,CA,90049
99,363 S Beverly Glen Blvd,Los Angeles,CA,90024
100,233 S Beverly Glen Blvd,Los Angeles,CA,90024
101,600 St Cloud Rd,Los Angeles,CA,90077
102,10367 W Sunset Blvd,Los Angeles,CA,90077
103,227 N Bentley Ave,Los Angeles,CA,90049
104,436 Loring Ave,Los Angeles,CA,90024
105,101 Groverton Pl,Los Angeles,CA,90077
106,498 St Pierre Rd,Los Angeles,CA,90077
107,227 Veteran Ave,Los Angeles,CA,90024
108,570 S Beverly Glen Blvd,Los Angeles,CA,90024
109,234 Tavistock Ave,Los Angeles,CA,90049
110,671 Siena Way,Los Angeles,CA,90077
111,365 Comstock Ave,Los Angeles,CA,90024
112,680 Siena Way,Los Angeles,CA,90077
113,237 Tavistock Ave,Los Angeles,CA,90049
114,405 Hilgard Ave,Los Angeles,CA,90095
115,252 Tavistock Ave,Los Angeles,CA,90049
116,221 Denslow Ave,Los Angeles,CA,90049
117,11142 W Sunset Blvd,Los Angeles,CA,90049
118,914 Chantilly Rd,Los Angeles,CA,90077
119,10230 W Sunset Blvd,Los Angeles,CA,90077
120,10960 Bellagio Rd,Los Angeles,CA,90077
121,471 Loring Ave,Los Angeles,CA,90024
122,475 Bel Air Rd,Los Angeles,CA,90077
123,831 Stone Canyon Rd,Los Angeles,CA,90077
124,623 S Beverly Glen Blvd,Los Angeles,CA,90024
125,126 Groverton Pl,Los Angeles,CA,90077
126,252 Barlock Ave,Los Angeles,CA,90049
127,217 Barlock Ave,Los Angeles,CA,90049
128,218 N Bentley Ave,Los Angeles,CA,90049
129,440 Parkwood Dr,Los Angeles,CA,90077
130,700 N Beverly Glen Blvd,Los Angeles,CA,90077
131,11010 Chalon Rd,Los Angeles,CA,90077
132,504 N Beverly Glen Blvd,Los Angeles,CA,90077
133,216 N Glenroy Ave,Los Angeles,CA,90049
134,921 Roscomare Rd,Los Angeles,CA,90077
135,502 Cascada Way,Los Angeles,CA,90049
136,801 Stone Canyon Rd,Los Angeles,CA,90077
137,633 Woodruff Ave,Los Angeles,CA,90024
138,10401 Wyton Dr,Los Angeles,CA,90024
139,10900 Chalon Rd,Los Angeles,CA,90077
140,242 Conway Ave,Los Angeles,CA,90024
141,145 N Mapleton Dr,Los Angeles,CA,90077
142,533 Loring Ave,Los Angeles,CA,90024
143,10511 Wyton Dr,Los Angeles,CA,90024
144,515 S Mapleton Dr,Los Angeles,CA,90024
145,155 N Beverly Glen Blvd,Los Angeles,CA,90077
146,11078 W Sunset Blvd,Los Angeles,CA,90049
147,10910 Chalon Rd,Los Angeles,CA,90077
148,225 Glenroy Pl,Los Angeles,CA,90049
149,526 Woodruff Ave,Los Angeles,CA,90024
150,11086 W Sunset Blvd,Los Angeles,CA,90049
151,260 N Glenroy Ave,Los Angeles,CA,90049
152,274 Denslow Ave,Los Angeles,CA,90049
153,437 Comstock Ave,Los Angeles,CA,90024
154,414 St Pierre Rd,Los Angeles,CA,90077
155,10930 Chalon Rd,Los Angeles,CA,90077
156,400 Loring Ave,Los Angeles,CA,90024
157,515 Dalehurst Ave,Los Angeles,CA,90024
158,356 St Pierre Rd,Los Angeles,CA,90077
159,620 Warner Ave,Los Angeles,CA,90024
160,11060 Cashmere St,Los Angeles,CA,90049
161,523 Dalehurst Ave,Los Angeles,CA,90024
162,809 Nimes Pl,Los Angeles,CA,90077
163,963 Roscomare Rd,Los Angeles,CA,90077
164,301 Loring Ave,Los Angeles,CA,90024
165,11287 Chalon Rd,Los Angeles,CA,90049
166,306 Bronwood Ave,Los Angeles,CA,90049
167,215 Denslow Ave,Los Angeles,CA,90049
168,227 Tilden Ave,Los Angeles,CA,90049
169,10434 Wyton Dr,Los Angeles,CA,90024
170,453 Loring Ave,Los Angeles,CA,90024
171,850 Stone Canyon Rd,Los Angeles,CA,90077
172,111 Stone Canyon Rd,Los Angeles,CA,90077
173,950 Somera Rd,Los Angeles,CA,90077
174,10425 Charing Cross Rd,Los Angeles,CA,90024
175,242 Denslow Ave,Los Angeles,CA,90049
176,157 Delfern Dr,Los Angeles,CA,90077
177,324 Conway Ave,Los Angeles,CA,90024
178,925 Chantilly Rd,Los Angeles,CA,90077
179,920 Roscomare Rd,Los Angeles,CA,90077
180,276 Tavistock Ave,Los Angeles,CA,90049
181,464 Comstock Ave,Los Angeles,CA,90024
182,120 S Mapleton Dr,Los Angeles,CA,90024
183,701 N Faring Rd,Los Angeles,CA,90077
184,626 Siena Way,Los Angeles,CA,90077
185,10939 Chalon Rd,Los Angeles,CA,90077
186,11101 W Sunset Blvd,Los Angeles,CA,90049
187,435 Loring Ave,Los Angeles,CA,90024
188,10422 Wyton Dr,Los Angeles,CA,90024
189,120 N Bentley Ave,Los Angeles,CA,90049
190,271 S Mapleton Dr,Los Angeles,CA,90024
191,761 Bel Air Rd,Los Angeles,CA,90077
192,141 N Bentley Ave,Los Angeles,CA,90049
193,10440 Charing Cross Rd,Los Angeles,CA,90024
194,235 S Bentley Ave,Los Angeles,CA,90049
195,220 Bentley Cir,Los Angeles,CA,90049
196,248 N Glenroy Ave,Los Angeles,CA,90049
197,200 Conway Ave,Los Angeles,CA,90024
198,246 Tavistock Ave,Los Angeles,CA,90049
199,401 Lomond Ave,Los Angeles,CA,90024
200,10440 Wyton Dr,Los Angeles,CA,90024
201,875 Nimes Rd,Los Angeles,CA,90077
202,251 Denslow Ave,Los Angeles,CA,90049
203,401 St Cloud Rd,Los Angeles,CA,90077
204,667 Ledo Way,Los Angeles,CA,90049
205,10393 Strathmore Dr,Los Angeles,CA,90024
206,216 Tavistock Ave,Los Angeles,CA,90049
207,423 Loring Ave,Los Angeles,CA,90024
208,503 Dalehurst Ave,Los Angeles,CA,90024
209,11066 Cashmere St,Los Angeles,CA,90049
210,226 Tilden Ave,Los Angeles,CA,90049
211,232 S Bentley Ave,Los Angeles,CA,90049
212,11054 Cashmere St,Los Angeles,CA,90049
213,11060 W Sunset Blvd,Los Angeles,CA,90049
214,680 Stone Canyon Rd,Los Angeles,CA,90077
215,575 N Beverly Glen Blvd,Los Angeles,CA,90077
216,223 N Glenroy Ave,Los Angeles,CA,90049
217,401 Comstock Ave,Los Angeles,CA,90024
218,255 Woodruff Ave,Los Angeles,CA,90024
219,11110 Cashmere St,Los Angeles,CA,90049
220,265 N Glenroy Ave,Los Angeles,CA,90049
221,655 N Faring Rd,Los Angeles,CA,90077
222,601 Loring Ave,Los Angeles,CA,90024
223,241 Barlock Ave,Los Angeles,CA,90049
224,248 Conway Ave,Los Angeles,CA,90024
225,10972 Chalon Rd,Los Angeles,CA,90077
226,279 S Glenroy Ave,Los Angeles,CA,90049
227,729 Bel Air Rd,Los Angeles,CA,90077
228,442 Dalehurst Ave,Los Angeles,CA,90024
229,256 S Bentley Ave,Los Angeles,CA,90049
230,10674 Chalon Rd,Los Angeles,CA,90077
231,210 Tilden Ave,Los Angeles,CA,90049
232,276 Bentley Cir,Los Angeles,CA,90049
233,393 Dalehurst Ave,Los Angeles,CA,90024
234,936 Chantilly Rd,Los Angeles,CA,90077
235,384 Delfern Dr,Los Angeles,CA,90077
236,441 Loring Ave,Los Angeles,CA,90024
237,301 S Bentley Ave,Los Angeles,CA,90049
238,234 Conway Ave,Los Angeles,CA,90024
239,218 Tilden Ave,Los Angeles,CA,90049
240,166 Barlock Ave,Los Angeles,CA,90049
241,677 Nimes Rd,Los Angeles,CA,90077
242,706 N Beverly Glen Blvd,Los Angeles,CA,90077
243,262 Woodruff Ave,Los Angeles,CA,90024
244,11109 Montana Ave,Los Angeles,CA,90049
245,474 N Faring Rd,Los Angeles,CA,90077
246,560 N Beverly Glen Blvd,Los Angeles,CA,90077
247,10325 Greendale Dr,Los Angeles,CA,90077
248,10693 Chalon Rd,Los Angeles,CA,90077
249,133 N Glenroy Ave,Los Angeles,CA,90049
250,10649 Capello Way,Los Angeles,CA,90077
251,273 S Glenroy Ave,Los Angeles,CA,90049
252,609 St Cloud Rd,Los Angeles,CA,90077
253,214 Conway Ave,Los Angeles,CA,90024
254,111 N Glenroy Ave,Los Angeles,CA,90049
255,11271 Chalon Rd,Los Angeles,CA,90049
256,601 Warner Ave,Los Angeles,CA,90024
257,310 S Mapleton Dr,Los Angeles,CA,90024
258,129 Stone Canyon Rd,Los Angeles,CA,90077
259,205 Glenroy Pl,Los Angeles,CA,90049
260,301 S Beverly Glen Blvd,Los Angeles,CA,90024
261,810 Sarbonne Rd,Los Angeles,CA,90077
262,10521 Wyton Dr,Los Angeles,CA,90024
263,514 Loring Ave,Los Angeles,CA,90024
264,901 Airole Way,Los Angeles,CA,90077
265,277 St Pierre Rd,Los Angeles,CA,90077
266,400 Parkwood Dr,Los Angeles,CA,90077
267,108 Greenfield Ave,Los Angeles,CA,90049
268,241 S Beverly Glen Blvd,Los Angeles,CA,90024
269,11005 Bellagio Rd,Los Angeles,CA,90077
270,415 S Beverly Glen Blvd,Los Angeles,CA,90024
271,235 Veteran Ave,Los Angeles,CA,90024
272,441 Dalehurst Ave,Los Angeles,CA,90024
273,10484 Wyton Dr,Los Angeles,CA,90024
274,236 Glenroy Pl,Los Angeles,CA,90049
275,101 Udine Way,Los Angeles,CA,90077
276,888 Sarbonne Rd,Los Angeles,CA,90077
277,280 Conway Ave,Los Angeles,CA,90024
278,567 Comstock Ave,Los Angeles,CA,90024
279,120 Greenfield Ave,Los Angeles,CA,90049
280,218 S Bentley Ave,Los Angeles,CA,90049
281,374 Comstock Ave,Los Angeles,CA,90024
282,10481 Wyton Dr,Los Angeles,CA,90024
283,225 Barlock Ave,Los Angeles,CA,90049
284,383 S Beverly Glen Blvd,Los Angeles,CA,90024
285,615 N Faring Rd,Los Angeles,CA,90077
286,11001 W Sunset Blvd,Los Angeles,CA,90049
287,408 Cascada Way,Los Angeles,CA,90049
288,282 S Glenroy Ave,Los Angeles,CA,90049
289,10500 Wyton Dr,Los Angeles,CA,90024
290,136 S Glenroy Ave,Los Angeles,CA,90049
291,1000 Roscomare Rd,Los Angeles,CA,90077
292,401 S Beverly Glen Blvd,Los Angeles,CA,90024
293,11182 W Sunset Blvd,Los Angeles,CA,90049
294,10883 Chalon Rd,Los Angeles,CA,90077
295,10971 Chalon Rd,Los Angeles,CA,90077
296,10512 Strathmore Dr,Los Angeles,CA,90024
297,108 S Glenroy Ave,Los Angeles,CA,90049
298,518 Stone Canyon Rd,Los Angeles,CA,90077
299,11072 W Sunset Blvd,Los Angeles,CA,90049
300,128 S Beverly Glen Blvd,Los Angeles,CA,90024
301,148 Denslow Ave,Los Angeles,CA,90049
302,900 Sarbonne Rd,Los Angeles,CA,90077
303,479 Loring Ave,Los Angeles,CA,90024
304,801 Nimes Pl,Los Angeles,CA,90077
305,878 Stradella Rd,Los Angeles,CA,90077
306,534 Warner Ave,Los Angeles,CA,90024
307,210 Woodruff Ave,Los Angeles,CA,90024
308,646 Woodruff Ave,Los Angeles,CA,90024
309,317 Loring Ave,Los Angeles,CA,90024
310,250 Bentley Cir,Los Angeles,CA,90049
311,480 Loring Ave,Los Angeles,CA,90024
312,1007 Chantilly Rd,Los Angeles,CA,90077
313,777 Ledo Way,Los Angeles,CA,90049
314,10651 Chalon Rd,Los Angeles,CA,90077
315,10970 Bellagio Rd,Los Angeles,CA,90077
316,469 St Pierre Rd,Los Angeles,CA,90077
317,474 Cuesta Way,Los Angeles,CA,90077
318,149 Greenfield Ave,Los Angeles,CA,90049
319,332 Conway Ave,Los Angeles,CA,90024
320,960 Stradella Rd,Los Angeles,CA,90077
321,221 Woodruff Ave,Los Angeles,CA,90024
322,543 Perugia Way,Los Angeles,CA,90077
323,10381 Strathmore Dr,Los Angeles,CA,90024
324,11100 Cashmere St,Los Angeles,CA,90049
325,540 Woodruff Ave,Los Angeles,CA,90024
326,10501 Wyton Dr,Los Angeles,CA,90024
327,10891 Chalon Rd,Los Angeles,CA,90077
328,250 N Bentley Ave,Los Angeles,CA,90049
329,144 S Bentley Ave,Los Angeles,CA,90049
330,700 N Faring Rd,Los Angeles,CA,90077
331,457 Bel Air Rd,Los Angeles,CA,90077
332,493 Loring Ave,Los Angeles,CA,90024
333,373 S Beverly Glen Blvd,Los Angeles,CA,90024
334,253 Conway Ave,Los Angeles,CA,90024
335,366 Comstock Ave,Los Angeles,CA,90024
336,777 Sarbonne Rd,Los Angeles,CA,90077
337,701 N Beverly Glen Blvd,Los Angeles,CA,90077
338,800 Tarcuto Way,Los Angeles,CA,90077
339,10398 W Sunset Blvd,Los Angeles,CA,90077
340,300 Conway Ave,Los Angeles,CA,90024
341,560 Warner Ave,Los Angeles,CA,90024
342,600 Perugia Way,Los Angeles,CA,90077
343,161 Greenfield Ave,Los Angeles,CA,90049
344,175 Greenfield Ave,Los Angeles,CA,90049
345,11174 W Sunset Blvd,Los Angeles,CA,90049
346,627 Carcassonne Rd,Los Angeles,CA,90077
347,273 S Beverly Glen Blvd,Los Angeles,CA,90024
348,550 Warner Ave,Los Angeles,CA,90024
349,10431 Wyton Dr,Los Angeles,CA,90024
350,869 Tione Rd,Los Angeles,CA,90077
351,296 Bronwood Ave,Los Angeles,CA,90049
352,222 Tavistock Ave,Los Angeles,CA,90049
353,673 Siena Way,Los Angeles,CA,90077
354,560 Loring Ave,Los Angeles,CA,90024
355,201 Veteran Ave,Los Angeles,CA,90024
356,445 Comstock Ave,Los Angeles,CA,90024
357,485 Loring Ave,Los Angeles,CA,90024
358,955 Roscomare Rd,Los Angeles,CA,90077
359,155 Greenfield Ave,Los Angeles,CA,90049
360,257 Tavistock Ave,Los Angeles,CA,90049
361,1023 Roscomare Rd,Los Angeles,CA,90077
362,555 Perugia Way,Los Angeles,CA,90077
363,452 Loring Ave,Los Angeles,CA,90024
364,11129 Cashmere St,Los Angeles,CA,90049
365,900 Chantilly Rd,Los Angeles,CA,90077
366,706 Lausanne Rd,Los Angeles,CA,90077
367,454 Comstock Ave,Los Angeles,CA,90024
368,430 Dalehurst Ave,Los Angeles,CA,90024
369,224 Denslow Ave,Los Angeles,CA,90049
370,750 Bel Air Rd,Los Angeles,CA,90077
371,207 N Glenroy Ave,Los Angeles,CA,90049
372,467 Dalehurst Ave,Los Angeles,CA,90024
373,183 Greenfield Ave,Los Angeles,CA,90049
374,130 S Mapleton Dr,Los Angeles,CA,90024
375,10957 Bellagio Rd,Los Angeles,CA,90077
376,620 Stone Canyon Rd,Los Angeles,CA,90077
377,11020 Chalon Rd,Los Angeles,CA,90077
378,10899 Chalon Rd,Los Angeles,CA,90077
379,616 Nimes Rd,Los Angeles,CA,90077
380,227 N Glenroy Ave,Los Angeles,CA,90049
381,11080 Chalon Rd,Los Angeles,CA,90077
382,241 N Bentley Ave,Los Angeles,CA,90049
383,422 Parkwood Dr,Los Angeles,CA,90077
384,251 Tilden Ave,Los Angeles,CA,90049
385,900 Stradella Rd,Los Angeles,CA,90077
386,201 Denslow Ave,Los Angeles,CA,90049
387,200 S Mapleton Dr,Los Angeles,CA,90024
388,609 Loring Ave,Los Angeles,CA,90024
389,617 Nimes Rd,Los Angeles,CA,90077
390,559 Loring Ave,Los Angeles,CA,90024
391,221 Conway Ave,Los Angeles,CA,90024
392,148 N Glenroy Ave,Los Angeles,CA,90049
393,11011 Cashmere St,Los Angeles,CA,90049
394,760 N Beverly Glen Blvd,Los Angeles,CA,90077
395,323 Veteran Ave,Los Angeles,CA,90024
396,234 St Pierre Rd,Los Angeles,CA,90077
397,870 Stone Canyon Rd,Los Angeles,CA,90077
398,527 Loring Ave,Los Angeles,CA,90024
399,10950 Chalon Rd,Los Angeles,CA,90077
400,147 Veteran Ave,Los Angeles,CA,90024
401,515 Perugia Way,Los Angeles,CA,90077
402,114 Greenfield Ave,Los Angeles,CA,90049
403,174 Denslow Ave,Los Angeles,CA,90049
404,321 St Pierre Rd,Los Angeles,CA,90077
405,249 Barlock Ave,Los Angeles,CA,90049
406,266 Denslow Ave,Los Angeles,CA,90049
407,538 Loring Ave,Los Angeles,CA,90024
408,315 N Beverly Glen Blvd,Los Angeles,CA,90077
409,131 Barlock Ave,Los Angeles,CA,90049
410,167 N Bentley Ave,Los Angeles,CA,90049
411,203 Glenroy Pl,Los Angeles,CA,90049
412,555 Loring Ave,Los Angeles,CA,90024
413,416 Comstock Ave,Los Angeles,CA,90024
414,875 Stone Canyon Rd,Los Angeles,CA,90077
415,418 Cascada Way,Los Angeles,CA,90049
416,241 S Bentley Ave,Los Angeles,CA,90049
417,457 Cuesta Way,Los Angeles,CA,90077
418,11048 Cashmere St,Los Angeles,CA,90049
419,901 Chantilly Rd,Los Angeles,CA,90077
420,175 S Mapleton Dr,Los Angeles,CA,90024
421,11208 Chalon Rd,Los Angeles,CA,90049
422,10433 Bainbridge Ave,Los Angeles,CA,90024
423,521 Woodruff Ave,Los Angeles,CA,90024
424,987 Somera Rd,Los Angeles,CA,90077
425,900 Airole Way,Los Angeles,CA,90077
426,515 Loring Ave,Los Angeles,CA,90024
427,150 Ashdale Pl,Los Angeles,CA,90049
428,140 Greenfield Ave,Los Angeles,CA,90049
429,265 Bentley Cir,Los Angeles,CA,90049
430,104 S Glenroy Ave,Los Angeles,CA,90049
431,11028 W Sunset Blvd,Los Angeles,CA,90049
432,10624 Chalon Rd,Los Angeles,CA,90077
433,249 S Bentley Ave,Los Angeles,CA,90049
434,656 Siena Way,Los Angeles,CA,90077
435,163 S Glenroy Ave,Los Angeles,CA,90049
436,329 Conway Ave,Los Angeles,CA,90024
437,447 Loring Ave,Los Angeles,CA,90024
438,128 S Glenroy Ave,Los Angeles,CA,90049
439,303 St Pierre Rd,Los Angeles,CA,90077
440,11092 W Sunset Blvd,Los Angeles,CA,90049
441,267 S Glenroy Ave,Los Angeles,CA,90049
442,974 Somera Rd,Los Angeles,CA,90077
443,11201 Chalon Rd,Los Angeles,CA,90049
444,565 Perugia Way,Los Angeles,CA,90077
445,864 Stradella Rd,Los Angeles,CA,90077
446,10439 Bainbridge Ave,Los Angeles,CA,90024
447,624 Funchal Rd,Los Angeles,CA,90077
448,919 Chantilly Rd,Los Angeles,CA,90077
449,600 Warner Ave,Los Angeles,CA,90024
450,11120 W Sunset Blvd,Los Angeles,CA,90049
451,141 Barlock Ave,Los Angeles,CA,90049
452,336 Loring Ave,Los Angeles,CA,90024
453,234 Bentley Cir,Los Angeles,CA,90049
454,201 S Beverly Glen Blvd,Los Angeles,CA,90024
455,174 Greenfield Ave,Los Angeles,CA,90049
456,189 Greenfield Ave,Los Angeles,CA,90049
457,800 Bel Air Rd,Los Angeles,CA,90077
458,10475 Wyton Dr,Los Angeles,CA,90024
459,468 Loring Ave,Los Angeles,CA,90024
460,255 S Bentley Ave,Los Angeles,CA,90049
461,11105 Montana Ave,Los Angeles,CA,90049
462,472 Dalehurst Ave,Los Angeles,CA,90024
463,229 Conway Ave,Los Angeles,CA,90024
464,1009 Somera Rd,Los Angeles,CA,90077
465,10529 Wyton Dr,Los Angeles,CA,90024
466,10914 Bellagio Rd,Los Angeles,CA,90077
467,740 Bel Air Rd,Los Angeles,CA,90077
468,510 Dalehurst Ave,Los Angeles,CA,90024
469,240 N Bentley Ave,Los Angeles,CA,90049
470,265 Tavistock Ave,Los Angeles,CA,90049
471,820 Stone Canyon Rd,Los Angeles,CA,90077
472,11000 W Sunset Blvd,Los Angeles,CA,90049
473,605 Funchal Rd,Los Angeles,CA,90077
474,623 Woodruff Ave,Los Angeles,CA,90024
475,1016 Somera Rd,Los Angeles,CA,90077
476,951 Somera Rd,Los Angeles,CA,90077
477,228 Woodruff Ave,Los Angeles,CA,90024
478,393 S Beverly Glen Blvd,Los Angeles,CA,90024
479,541 Comstock Ave,Los Angeles,CA,90024
480,10950 Bellagio Rd,Los Angeles,CA,90077
481,489 Dalehurst Ave,Los Angeles,CA,90024
482,501 St Cloud Rd,Los Angeles,CA,90077
483,800 Sarbonne Rd,Los Angeles,CA,90077
484,551 Perugia Way,Los Angeles,CA,90077
485,235 Denslow Ave,Los Angeles,CA,90049
486,10908 Bellagio Rd,Los Angeles,CA,90077
487,954 Somera Rd,Los Angeles,CA,90077
488,907 Chantilly Rd,Los Angeles,CA,90077
489,11027 Cashmere St,Los Angeles,CA,90049
490,10250 W Sunset Blvd,Los Angeles,CA,90077
491,210 S Bentley Ave,Los Angeles,CA,90049
492,160 Ashdale Pl,Los Angeles,CA,90049
493,142 Barlock Ave,Los Angeles,CA,90049
494,461 Dalehurst Ave,Los Angeles,CA,90024
495,662 Stone Canyon Rd,Los Angeles,CA,90077
496,420 Loring Ave,Los Angeles,CA,90024
497,333 S Beverly Glen Blvd,Los Angeles,CA,90024
498,10924 Chalon Rd,Los Angeles,CA,90077
499,10730 Bellagio Rd,Los Angeles,CA,90077
500,464 Bel Air Rd,Los Angeles,CA,90077
501,10905 Chalon Rd,Los Angeles,CA,90077
502,158 Greenfield Ave,Los Angeles,CA,90049
503,495 Dalehurst Ave,Los Angeles,CA,90024
504,270 Tavistock Ave,Los Angeles,CA,90049
505,955 Somera Rd,Los Angeles,CA,90077
506,131 Groverton Pl,Los Angeles,CA,90077
507,10425 Bainbridge Ave,Los Angeles,CA,90024
508,11200 Chalon Rd,Los Angeles,CA,90049
509,1008 Somera Rd,Los Angeles,CA,90077
510,10508 Wyton Dr,Los Angeles,CA,90024
511,1025 Somera Rd,Los Angeles,CA,90077
512,10281 Charing Cross Rd,Los Angeles,CA,90024
513,530 Loring Ave,Los Angeles,CA,90024
514,658 Nimes Rd,Los Angeles,CA,90077
515,11005 Bellagio Pl,Los Angeles,CA,90077
516,244 Tilden Ave,Los Angeles,CA,90049
517,727 N Beverly Glen Blvd,Los Angeles,CA,90077
518,630 Nimes Rd,Los Angeles,CA,90077
519,453 Dalehurst Ave,Los Angeles,CA,90024
520,780 Stone Canyon Rd,Los Angeles,CA,90077
521,154 Ashdale Pl,Los Angeles,CA,90049
522,515 Comstock Ave,Los Angeles,CA,90024
523,227 Denslow Ave,Los Angeles,CA,90049
524,419 St Cloud Rd,Los Angeles,CA,90077
525,615 S Beverly Glen Blvd,Los Angeles,CA,90024
526,457 St Pierre Rd,Los Angeles,CA,90077
527,276 Loring Ave,Los Angeles,CA,90024
528,444 N Faring Rd,Los Angeles,CA,90077
529,550 S Beverly Glen Blvd,Los Angeles,CA,90024
530,524 Loring Ave,Los Angeles,CA,90024
531,516 Woodruff Ave,Los Angeles,CA,90024
532,642 St Cloud Rd,Los Angeles,CA,90077
533,701 Nimes Rd,Los Angeles,CA,90077
534,800 Tortuoso Way,Los Angeles,CA,90077
535,1026 Roscomare Rd,Los Angeles,CA,90077
536,542 Dalehurst Ave,Los Angeles,CA,90024
537,444 Comstock Ave,Los Angeles,CA,90024
538,10659 Bellagio Rd,Los Angeles,CA,90077
539,217 N Bentley Ave,Los Angeles,CA,90049
540,10377 W Sunset Blvd,Los Angeles,CA,90077
541,986 Somera Rd,Los Angeles,CA,90077
542,10911 Chalon Rd,Los Angeles,CA,90077
543,123 N Glenroy Ave,Los Angeles,CA,90049
544,479 Dalehurst Ave,Los Angeles,CA,90024
545,10664 Bellagio Rd,Los Angeles,CA,90077
546,10416 Wyton Dr,Los Angeles,CA,90024
547,349 N Faring Rd,Los Angeles,CA,90077
548,501 Loring Ave,Los Angeles,CA,90024
549,651 S Beverly Glen Blvd,Los Angeles,CA,90024
550,249 N Glenroy Ave,Los Angeles,CA,90049
551,425 Comstock Ave,Los Angeles,CA,90024
552,10541 Wyton Dr,Los Angeles,CA,90024
553,10957 Chalon Rd,Los Angeles,CA,90077
554,152 Greenfield Ave,Los Angeles,CA,90049
555,960 Roscomare Rd,Los Angeles,CA,90077
556,301 Conway Ave,Los Angeles,CA,90024
557,10615 Bellagio Rd,Los Angeles,CA,90077
558,229 Tavistock Ave,Los Angeles,CA,90049
559,265 Denslow Ave,Los Angeles,CA,90049
560,670 Ledo Way,Los Angeles,CA,90049
561,10887 Chalon Rd,Los Angeles,CA,90077
562,1024 Somera Rd,Los Angeles,CA,90077
563,105 N Glenroy Ave,Los Angeles,CA,90049
564,620 Siena Way,Los Angeles,CA,90077
565,254 Woodruff Ave,Los Angeles,CA,90024
566,229 Woodruff Ave,Los Angeles,CA,90024
567,245 N Glenroy Ave,Los Angeles,CA,90049
568,272 Conway Ave,Los Angeles,CA,90024
569,1048 Roscomare Rd,Los Angeles,CA,90077
570,540 N Beverly Glen Blvd,Los Angeles,CA,90077
571,841 Nimes Rd,Los Angeles,CA,90077
572,128 N Glenroy Ave,Los Angeles,CA,90049
573,677 N Faring Rd,Los Angeles,CA,90077
574,1041 Somera Rd,Los Angeles,CA,90077
575,425 Parkwood Dr,Los Angeles,CA,90077
576,559 S Beverly Glen Blvd,Los Angeles,CA,90024
577,651 N Faring Rd,Los Angeles,CA,90077
578,11075 W Sunset Blvd,Los Angeles,CA,90049
579,544 Loring Ave,Los Angeles,CA,90024
580,11042 Cashmere St,Los Angeles,CA,90049
581,488 Dalehurst Ave,Los Angeles,CA,90024
582,230 Glenroy Pl,Los Angeles,CA,90049
583,134 N Glenroy Ave,Los Angeles,CA,90049
584,700 S Beverly Glen Blvd,Los Angeles,CA,90024
585,478 Dalehurst Ave,Los Angeles,CA,90024
586,110 N Glenroy Ave,Los Angeles,CA,90049
587,655 Funchal Rd,Los Angeles,CA,90077
588,222 N Glenroy Ave,Los Angeles,CA,90049
589,942 Roscomare Rd,Los Angeles,CA,90077
590,536 Dalehurst Ave,Los Angeles,CA,90024
591,11041 Cashmere St,Los Angeles,CA,90049
592,822 Sarbonne Rd,Los Angeles,CA,90077
593,257 N Bentley Ave,Los Angeles,CA,90049
594,148 S Glenroy Ave,Los Angeles,CA,90049
595,395 Madrono Ln,Los Angeles,CA,90077
596,211 Barlock Ave,Los Angeles,CA,90049
597,630 Siena Way,Los Angeles,CA,90077
598,300 S Bentley Ave,Los Angeles,CA,90049
599,353 S Beverly Glen Blvd,Los Angeles,CA,90024
600,10985 W Sunset Blvd,Los Angeles,CA,90077
601,11065 W Sunset Blvd,Los Angeles,CA,90049
602,166 Greenfield Ave,Los Angeles,CA,90049
603,101 Bel Air Rd,Los Angeles,CA,90077
604,201 Bentley Cir,Los Angeles,CA,90049
605,1017 Somera Rd,Los Angeles,CA,90077
606,444 Loring Ave,Los Angeles,CA,90024
607,649 Woodruff Ave,Los Angeles,CA,90024
608,11106 W Sunset Blvd,Los Angeles,CA,90049
609,256 S Beverly Glen Blvd,Los Angeles,CA,90024
610,315 Veteran Ave,Los Angeles,CA,90024
611,531 Woodruff Ave,Los Angeles,CA,90024
612,347 Conway Ave,Los Angeles,CA,90024
613,808 Tarcuto Way,Los Angeles,CA,90077
614,11099 W Sunset Blvd,Los Angeles,CA,90049
615,225 S Bentley Ave,Los Angeles,CA,90049
616,825 Nimes Rd,Los Angeles,CA,90077
617,11303 Chalon Rd,Los Angeles,CA,90049
618,642 Siena Way,Los Angeles,CA,90077
619,400 Cascada Way,Los Angeles,CA,90049
620,131 Greenfield Ave,Los Angeles,CA,90049
621,930 Stradella Rd,Los Angeles,CA,90077
622,201 Conway Ave,Los Angeles,CA,90024
623,121 Groverton Pl,Los Angeles,CA,90077
624,484 Dalehurst Ave,Los Angeles,CA,90024
625,809 Nimes Rd,Los Angeles,CA,90077
626,704 Stone Canyon Rd,Los Angeles,CA,90077
627,10350 W Sunset Blvd,Los Angeles,CA,90077
628,10916 Bellagio Rd,Los Angeles,CA,90077
629,206 N Bentley Ave,Los Angeles,CA,90049
630,11186 Chalon Rd,Los Angeles,CA,90049
631,414 Cascada Way,Los Angeles,CA,90049
632,348 St Cloud Rd,Los Angeles,CA,90077
633,10914 Chalon Rd,Los Angeles,CA,90077
634,351 Delfern Dr,Los Angeles,CA,90077
635,10768 Bellagio Rd,Los Angeles,CA,90077
636,659 Siena Way,Los Angeles,CA,90077
637,624 Holmby Ave,Los Angeles,CA,90024
638,431 Dalehurst Ave,Los Angeles,CA,90024
639,234 N Glenroy Ave,Los Angeles,CA,90049
640,616 Holmby Ave,Los Angeles,CA,90024
641,264 Conway Ave,Los Angeles,CA,90024
642,830 Sarbonne Rd,Los Angeles,CA,90077
643,211 Veteran Ave,Los Angeles,CA,90024
644,245 Tavistock Ave,Los Angeles,CA,90049
645,11030 Chalon Rd,Los Angeles,CA,90077
646,422 Lomond Ave,Los Angeles,CA,90024
647,10408 W Sunset Blvd,Los Angeles,CA,90077
648,930 Roscomare Rd,Los Angeles,CA,90077
649,10428 Wyton Dr,Los Angeles,CA,90024
650,244 Barlock Ave,Los Angeles,CA,90049
651,219 S Mapleton Dr,Los Angeles,CA,90024
652,629 Funchal Rd,Los Angeles,CA,90077
653,240 Tavistock Ave,Los Angeles,CA,90049
654,429 Loring Ave,Los Angeles,CA,90024
655,236 Tilden Ave,Los Angeles,CA,90049
656,487 St Pierre Rd,Los Angeles,CA,90077
657,359 Veteran Ave,Los Angeles,CA,90024
658,155 Veteran Ave,Los Angeles,CA,90024
659,519 S Beverly Glen Blvd,Los Angeles,CA,90024
660,981 Somera Rd,Los Angeles,CA,90077
661,1001 Somera Rd,Los Angeles,CA,90077
662,500 Dalehurst Ave,Los Angeles,CA,90024
663,501 Woodruff Ave,Los Angeles,CA,90024
664,333 S Mapleton Dr,Los Angeles,CA,90024
665,236 Woodruff Ave,Los Angeles,CA,90024
666,209 S Bentley Ave,Los Angeles,CA,90049
667,919 Airole Way,Los Angeles,CA,90077
668,805 Nimes Rd,Los Angeles,CA,90077
669,10966 Chalon Rd,Los Angeles,CA,90077
670,320 St Pierre Rd,Los Angeles,CA,90077
671,10648 Capello Way,Los Angeles,CA,90077
672,350 Comstock Ave,Los Angeles,CA,90024
673,376 Dalehurst Ave,Los Angeles,CA,90024
674,476 Comstock Ave,Los Angeles,CA,90024
675,201 Tavistock Ave,Los Angeles,CA,90049
676,137 Greenfield Ave,Los Angeles,CA,90049
677,255 S Beverly Glen Blvd,Los Angeles,CA,90024
678,743 N Beverly Glen Blvd,Los Angeles,CA,90077
679,140 Barlock Ave,Los Angeles,CA,90049
680,428 Loring Ave,Los Angeles,CA,90024
681,321 Conway Ave,Los Angeles,CA,90024
682,355 S Mapleton Dr,Los Angeles,CA,90024
683,10416 W Sunset Blvd,Los Angeles,CA,90077
684,555 Woodruff Ave,Los Angeles,CA,90024
685,175 N Bentley Ave,Los Angeles,CA,90049
686,11004 Bellagio Pl,Los Angeles,CA,90077
687,424 Comstock Ave,Los Angeles,CA,90024
688,567 N Beverly Glen Blvd,Los Angeles,CA,90077
689,257 Denslow Ave,Los Angeles,CA,90049
690,651 Siena Way,Los Angeles,CA,90077
691,201 Tilden Ave,Los Angeles,CA,90049
692,300 St Pierre Rd,Los Angeles,CA,90077
693,10545 Wyton Dr,Los Angeles,CA,90024
694,291 Loring Ave,Los Angeles,CA,90024
695,201 S Bentley Ave,Los Angeles,CA,90049
696,11123 Cashmere St,Los Angeles,CA,90049
697,333 Loring Ave,Los Angeles,CA,90024
698,420 Cascada Way,Los Angeles,CA,90049
699,315 S Beverly Glen Blvd,Los Angeles,CA,90024
700,10685 Chalon Rd,Los Angeles,CA,90077
701,120 S Glenroy Ave,Los Angeles,CA,90049
702,327 Delfern Dr,Los Angeles,CA,90077
703,541 Loring Ave,Los Angeles,CA,90024
704,224 Glenroy Pl,Los Angeles,CA,90049
705,750 N Beverly Glen Blvd,Los Angeles,CA,90077
706,323 S Beverly Glen Blvd,Los Angeles,CA,90024
707,475 Comstock Ave,Los Angeles,CA,90024
708,265 S Beverly Glen Blvd,Los Angeles,CA,90024
709,163 Barlock Ave,Los Angeles,CA,90049
710,215 N Glenroy Ave,Los Angeles,CA,90049
711,10728 Bellagio Rd,Los Angeles,CA,90077
712,150 S Bentley Ave,Los Angeles,CA,90049
713,155 Barlock Ave,Los Angeles,CA,90049
714,611 Funchal Rd,Los Angeles,CA,90077
715,10614 Chalon Rd,Los Angeles,CA,90077
716,1011 Roscomare Rd,Los Angeles,CA,90077
717,245 Conway Ave,Los Angeles,CA,90024
718,259 Veteran Ave,Los Angeles,CA,90024
719,638 Siena Way,Los Angeles,CA,90077
720,224 Conway Ave,Los Angeles,CA,90024
721,1018 Roscomare Rd,Los Angeles,CA,90077
722,271 Tavistock Ave,Los Angeles,CA,90049
723,312 N Faring Rd,Los Angeles,CA,90077
724,801 Tarcuto Way,Los Angeles,CA,90077
725,11166 W Sunset Blvd,Los Angeles,CA,90049
726,657 St Cloud Rd,Los Angeles,CA,90077
727,906 Chantilly Rd,Los Angeles,CA,90077
728,343 Veteran Ave,Los Angeles,CA,90024
729,10231 Charing Cross Rd,Los Angeles,CA,90024
730,454 Dalehurst Ave,Los Angeles,CA,90024
731,940 Stradella Rd,Los Angeles,CA,90077
732,161 S Mapleton Dr,Los Angeles,CA,90024
733,228 N Glenroy Ave,Los Angeles,CA,90049
734,551 S Beverly Glen Blvd,Los Angeles,CA,90024
735,285 S Beverly Glen Blvd,Los Angeles,CA,90024
736,420 Club View Dr,Los Angeles,CA,90024
737,10830 Chalon Rd,Los Angeles,CA,90077
738,621 Stone Canyon Rd,Los Angeles,CA,90077
739,11006 Cashmere St,Los Angeles,CA,90049
740,344 Delfern Dr,Los Angeles,CA,90077
741,580 N Beverly Glen Blvd,Los Angeles,CA,90077
742,750 Lausanne Rd,Los Angeles,CA,90077
743,344 Conway Ave,Los Angeles,CA,90024
744,243 S Mapleton Dr,Los Angeles,CA,90024
745,428 Cascada Way,Los Angeles,CA,90049
746,460 Dalehurst Ave,Los Angeles,CA,90024
747,219 Tilden Ave,Los Angeles,CA,90049
748,10372 W Sunset Blvd,Los Angeles,CA,90077
749,308 Loring Ave,Los Angeles,CA,90024
750,280 N Glenroy Ave,Los Angeles,CA,90049
751,234 S Beverly Glen Blvd,Los Angeles,CA,90024
752,200 N Bentley Ave,Los Angeles,CA,90049
753,237 Conway Ave,Los Angeles,CA,90024
754,10936 Chalon Rd,Los Angeles,CA,90077
755,260 Loring Ave,Los Angeles,CA,90024
756,263 S Bentley Ave,Los Angeles,CA,90049
757,345 St Pierre Rd,Los Angeles,CA,90077
758,270 S Bentley Ave,Los Angeles,CA,90049
759,259 Conway Ave,Los Angeles,CA,90024
760,316 Conway Ave,Los Angeles,CA,90024
761,975 Somera Rd,Los Angeles,CA,90077
762,300 Bronwood Ave,Los Angeles,CA,90049
763,266 Ashdale Ave,Los Angeles,CA,90049
764,1001 Roscomare Rd,Los Angeles,CA,90077
765,415 Loring Ave,Los Angeles,CA,90024
766,411 Lomond Ave,Los Angeles,CA,90024
767,274 S Glenroy Ave,Los Angeles,CA,90049
768,264 N Glenroy Ave,Los Angeles,CA,90049
769,329 Veteran Ave,Los Angeles,CA,90024
770,143 S Mapleton Dr,Los Angeles,CA,90024
771,10985 Bellagio Rd,Los Angeles,CA,90077
772,501 S Beverly Glen Blvd,Los Angeles,CA,90024
773,10440 Bainbridge Ave,Los Angeles,CA,90024
774,530 Dalehurst Ave,Los Angeles,CA,90024
775,111 N Beverly Glen Blvd,Los Angeles,CA,90077
776,944 Airole Way,Los Angeles,CA,90077
777,315 Conway Ave,Los Angeles,CA,90024
778,423 N Faring Rd,Los Angeles,CA,90077
779,156 Barlock Ave,Los Angeles,CA,90049
780,200 S Bentley Ave,Los Angeles,CA,90049
781,471 Parkwood Dr,Los Angeles,CA,90077
782,939 Roscomare Rd,Los Angeles,CA,90077
783,268 St Pierre Rd,Los Angeles,CA,90077
784,358 Comstock Ave,Los Angeles,CA,90024
785,259 Delfern Dr,Los Angeles,CA,90077
786,857 Stradella Rd,Los Angeles,CA,90077
787,10940 Bellagio Rd,Los Angeles,CA,90077
788,708 Ledo Way,Los Angeles,CA,90049
789,465 Loring Ave,Los Angeles,CA,90024
790,861 Stone Canyon Rd,Los Angeles,CA,90077
791,417 Cascada Way,Los Angeles,CA,90049
792,107 N Bentley Ave,Los Angeles,CA,90049
793,11150 W Sunset Blvd,Los Angeles,CA,90049
794,537 Perugia Way,Los Angeles,CA,90077
795,273 Denslow Ave,Los Angeles,CA,90049
796,264 Bentley Cir,Los Angeles,CA,90049
797,10201 Charing Cross Rd,Los Angeles,CA,90024
798,841 Stone Canyon Rd,Los Angeles,CA,90077
799,343 S Beverly Glen Blvd,Los Angeles,CA,90024
800,330 S Mapleton Dr,Los Angeles,CA,90024
801,117 N Glenroy Ave,Los Angeles,CA,90049
802,121 Udine Way,Los Angeles,CA,90077
803,338 St Pierre Rd,Los Angeles,CA,90077
804,825 Nimes Pl,Los Angeles,CA,90077
805,874 Stradella Rd,Los Angeles,CA,90077
806,256 Conway Ave,Los Angeles,CA,90024
807,10663 Chalon Rd,Los Angeles,CA,90077
808,910 Stradella Rd,Los Angeles,CA,90077
809,10947 Chalon Rd,Los Angeles,CA,90077
810,685 Stone Canyon Rd,Los Angeles,CA,90077
811,1000 Somera Rd,Los Angeles,CA,90077
812,962 Somera Rd,Los Angeles,CA,90077
813,536 Woodruff Ave,Los Angeles,CA,90024
814,414 Loring Ave,Los Angeles,CA,90024
815,520 N Beverly Glen Blvd,Los Angeles,CA,90077
816,251 Tavistock Ave,Los Angeles,CA,90049
817,191 N Bentley Ave,Los Angeles,CA,90049
818,933 Roscomare Rd,Los Angeles,CA,90077
819,10490 Wyton Dr,Los Angeles,CA,90024
820,980 Somera Rd,Los Angeles,CA,90077
821,251 Veteran Ave,Los Angeles,CA,90024
822,223 Bentley Cir,Los Angeles,CA,90049
823,461 N Faring Rd,Los Angeles,CA,90077
824,243 Denslow Ave,Los Angeles,CA,90049
825,10601 Bellagio Rd,Los Angeles,CA,90077
826,146 Greenfield Ave,Los Angeles,CA,90049
827,281 Loring Ave,Los Angeles,CA,90024
828,501 Bel Air Rd,Los Angeles,CA,90077
829,701 Stone Canyon Rd,Los Angeles,CA,90077
830,10350 Wyton Dr,Los Angeles,CA,90024
831,422 Cascada Way,Los Angeles,CA,90049
832,337 Veteran Ave,Los Angeles,CA,90024
833,200 N Glenroy Ave,Los Angeles,CA,90049
834,406 Lomond Ave,Los Angeles,CA,90024
835,449 Parkwood Dr,Los Angeles,CA,90077
836,262 S Bentley Ave,Los Angeles,CA,90049
837,202 Glenroy Pl,Los Angeles,CA,90049
838,208 N Glenroy Ave,Los Angeles,CA,90049
839,10675 Bellagio Rd,Los Angeles,CA,90077
840,112 Groverton Pl,Los Angeles,CA,90077
841,11012 Cashmere St,Los Angeles,CA,90049
842,133 S Mapleton Dr,Los Angeles,CA,90024
843,169 Greenfield Ave,Los Angeles,CA,90049
844,337 Conway Ave,Los Angeles,CA,90024
845,311 S Mapleton Dr,Los Angeles,CA,90024
846,151 S Bentley Ave,Los Angeles,CA,90049
847,661 Stone Canyon Rd,Los Angeles,CA,90077
848,364 St Cloud Rd,Los Angeles,CA,90077
849,11132 W Sunset Blvd,Los Angeles,CA,90049
850,547 Loring Ave,Los Angeles,CA,90024
851,271 S Bentley Ave,Los Angeles,CA,90049
852,512 Perugia Way,Los Angeles,CA,90077
853,540 Warner Ave,Los Angeles,CA,90024
854,466 Dalehurst Ave,Los Angeles,CA,90024
855,10906 Bellagio Rd,Los Angeles,CA,90077
856,952 Roscomare Rd,Los Angeles,CA,90077
857,11100 Chalon Rd,Los Angeles,CA,90049
858,245 Woodruff Ave,Los Angeles,CA,90024
859,314 Loring Ave,Los Angeles,CA,90024
860,433 S Beverly Glen Blvd,Los Angeles,CA,90024
861,516 Dalehurst Ave,Los Angeles,CA,90024
862,467 Comstock Ave,Los Angeles,CA,90024
863,131 Ashdale Ave,Los Angeles,CA,90049
864,635 Carcassonne Rd,Los Angeles,CA,90077
865,103 N Glenroy Ave,Los Angeles,CA,90049
866,11030 Cashmere St,Los Angeles,CA,90049
867,233 Barlock Ave,Los Angeles,CA,90049
868,10401 Bainbridge Ave,Los Angeles,CA,90024
869,214 S Beverly Glen Blvd,Los Angeles,CA,90024
870,548 Dalehurst Ave,Los Angeles,CA,90024
871,411 Loring Ave,Los Angeles,CA,90024
872,10694 Somma Way,Los Angeles,CA,90077
873,587 Perugia Way,Los Angeles,CA,90077
874,240 N Glenroy Ave,Los Angeles,CA,90049
875,10960 Chalon Rd,Los Angeles,CA,90077
876,10886 Chalon Rd,Los Angeles,CA,90077
877,131 Veteran Ave,Los Angeles,CA,90024
878,980 Stradella Rd,Los Angeles,CA,90077
879,641 Woodruff Ave,Los Angeles,CA,90024
880,913 Chantilly Rd,Los Angeles,CA,90077
881,292 S Glenroy Ave,Los Angeles,CA,90049
882,119 Groverton Pl,Los Angeles,CA,90077
883,240 S Bentley Ave,Los Angeles,CA,90049
884,182 Greenfield Ave,Los Angeles,CA,90049
885,120 N Glenroy Ave,Los Angeles,CA,90049
886,125 Greenfield Ave,Los Angeles,CA,90049
887,10901 Chalon Rd,Los Angeles,CA,90077
888,630 S Beverly Glen Blvd,Los Angeles,CA,90024
889,200 Tavistock Ave,Los Angeles,CA,90049
890,401 Cascada Way,Los Angeles,CA,90049
891,185 Denslow Ave,Los Angeles,CA,90049
892,1036 Roscomare Rd,Los Angeles,CA,90077
893,224 S Bentley Ave,Los Angeles,CA,90049
894,224 Barlock Ave,Los Angeles,CA,90049
895,214 St Pierre Rd,Los Angeles,CA,90077
896,10971 Bellagio Rd,Los Angeles,CA,90077
897,302 Parkwood Dr,Los Angeles,CA,90077
898,126 Greenfield Ave,Los Angeles,CA,90049
899,10539 Bellagio Rd,Los Angeles,CA,90077
900,135 Ashdale Ave,Los Angeles,CA,90049
901,182 Denslow Ave,Los Angeles,CA,90049
902,179 Barlock Ave,Los Angeles,CA,90049
903,638 Woodruff Ave,Los Angeles,CA,90024
904,947 Roscomare Rd,Los Angeles,CA,90077
905,221 S Beverly Glen Blvd,Los Angeles,CA,90024
906,745 Nimes Rd,Los Angeles,CA,90077
907,271 Loring Ave,Los Angeles,CA,90024
908,969 Somera Rd,Los Angeles,CA,90077
909,130 N Beverly Glen Blvd,Los Angeles,CA,90077
910,258 Denslow Ave,Los Angeles,CA,90049
911,11158 W Sunset Blvd,Los Angeles,CA,90049
912,801 Sarbonne Rd,Los Angeles,CA,90077
913,124 Udine Way,Los Angeles,CA,90077
914,149 Denslow Ave,Los Angeles,CA,90049
915,123 Veteran Ave,Los Angeles,CA,90024
916,550 Loring Ave,Los Angeles,CA,90024
917,10551 Wyton Dr,Los Angeles,CA,90024
918,522 Dalehurst Ave,Los Angeles,CA,90024
919,114 S Glenroy Ave,Los Angeles,CA,90049
920,10644 Bellagio Rd,Los Angeles,CA,90077
921,167 Denslow Ave,Los Angeles,CA,90049
922,237 Woodruff Ave,Los Angeles,CA,90024
923,600 Funchal Rd,Los Angeles,CA,90077
924,11072 Cashmere St,Los Angeles,CA,90049
925,10871 Chalon Rd,Los Angeles,CA,90077
926,10297 N Mariel Ln,Los Angeles,CA,90077
927,668 St Cloud Rd,Los Angeles,CA,90077
928,730 N Beverly Glen Blvd,Los Angeles,CA,90077
929,688 Nimes Rd,Los Angeles,CA,90077
930,218 Glenroy Pl,Los Angeles,CA,90049
931,500 Bel Air Rd,Los Angeles,CA,90077
932,100 S Mapleton Dr,Los Angeles,CA,90024
933,400 St Cloud Rd,Los Angeles,CA,90077
934,10478 Wyton Dr,Los Angeles,CA,90024
935,436 Dalehurst Ave,Los Angeles,CA,90024
936,10888 Chalon Rd,Los Angeles,CA,90077
937,800 Stone Canyon Rd,Los Angeles,CA,90077
938,462 Cuesta Way,Los Angeles,CA,90077
939,121 S Bentley Ave,Los Angeles,CA,90049
940,139 Veteran Ave,Los Angeles,CA,90024
941,156 S Bentley Ave,Los Angeles,CA,90049
942,928 Chantilly Rd,Los Angeles,CA,90077
943,10979 Chalon Rd,Los Angeles,CA,90077
944,11000 Chalon Rd,Los Angeles,CA,90077
945,360 S Mapleton Dr,Los Angeles,CA,90024
946,233 Bentley Cir,Los Angeles,CA,90049
947,258 Barlock Ave,Los Angeles,CA,90049
948,110 N Mapleton Dr,Los Angeles,CA,90077
949,460 Loring Ave,Los Angeles,CA,90024
950,456 Parkwood Dr,Los Angeles,CA,90077
951,139 N Glenroy Ave,Los Angeles,CA,90049
952,274 Ashdale Pl,Los Angeles,CA,90049
953,958 Somera Rd,Los Angeles,CA,90077
954,409 Cascada Way,Los Angeles,CA,90049
955,11027 W Sunset Blvd,Los Angeles,CA,90049
956,10981 Bellagio Rd,Los Angeles,CA,90077
957,967 Roscomare Rd,Los Angeles,CA,90077
958,248 S Mapleton Dr,Los Angeles,CA,90024
959,141 N Beverly Glen Blvd,Los Angeles,CA,90077
960,400 Comstock Ave,Los Angeles,CA,90024
961,201 Delfern Dr,Los Angeles,CA,90077
962,101 N Beverly Glen Blvd,Los Angeles,CA,90077
963,234 Barlock Ave,Los Angeles,CA,90049
964,940 Chantilly Rd,Los Angeles,CA,90077
965,535 Dalehurst Ave,Los Angeles,CA,90024
966,243 Tilden Ave,Los Angeles,CA,90049
967,10934 Bellagio Rd,Los Angeles,CA,90077
968,275 Bentley Cir,Los Angeles,CA,90049
969,539 S Beverly Glen Blvd,Los Angeles,CA,90024
970,957 Airole Way,Los Angeles,CA,90077
971,624 Nimes Rd,Los Angeles,CA,90077
972,435 Dalehurst Ave,Los Angeles,CA,90024
973,649 Stone Canyon Rd,Los Angeles,CA,90077
974,459 Loring Ave,Los Angeles,CA,90024
975,248 S Bentley Ave,Los Angeles,CA,90049
976,293 S Beverly Glen Blvd,Los Angeles,CA,90024
977,968 Somera Rd,Los Angeles,CA,90077
978,201 N Glenroy Ave,Los Angeles,CA,90049
979,175 Barlock Ave,Los Angeles,CA,90049
980,601 Woodruff Ave,Los Angeles,CA,90024
981,10535 Wyton Dr,Los Angeles,CA,90024
982,217 S Bentley Ave,Los Angeles,CA,90049
983,11145 W Sunset Blvd,Los Angeles,CA,90049
984,281 Bentley Cir,Los Angeles,CA,90049
985,282 Bentley Cir,Los Angeles,CA,90049
986,933 Airole Way,Los Angeles,CA,90077
987,235 Tilden Ave,Los Angeles,CA,90049
988,143 Greenfield Ave,Los Angeles,CA,90049
989,100 Bel Air Rd,Los Angeles,CA,90077
990,219 Veteran Ave,Los Angeles,CA,90024
991,231 Glenroy Pl,Los Angeles,CA,90049
992,846 Stradella Rd,Los Angeles,CA,90077
993,634 Stone Canyon Rd,Los Angeles,CA,90077
994,200 Bentley Cir,Los Angeles,CA,90049
995,800 Nimes Rd,Los Angeles,CA,90077
996,282 S Mapleton Dr,Los Angeles,CA,90024
997,10643 W Sunset Blvd,Los Angeles,CA,90077
998,134 Greenfield Ave,Los Angeles,CA,90049